n,min_obesity,q1_obesity,median_obesity,mean_obesity,q3_obesity,max_obesity,min_life_exp,q1_life_exp,median_life_exp,mean_life_exp,q3_life_exp,max_life_exp,sd_obesity,sd_life_exp,cor_pearson,lm_slope,lm_intercept,lm_r_squared
135,25.9,35.8,38.6,38.56641791044776,41.375,47.1,64.32283957,73.155227869,75.2554098765,75.16818182008956,77.6089464485,88.913943176,4.108709693180415,3.885232145885971,-0.7236897779912426,-0.6843274407455673,101.56023988747029,0.523726894769014
