metric,value
pearson_correlation,0.7505601268483373
loess_equiv_params,5.121115193959696
loess_resid_se,2.3364774306086966
loess_trace_hat,5.611625940159874
