n,min,q1,median,mean,q3,max,sd,skewness,kurtosis
134,64.32283957,73.136732359,75.23763437,75.14998594916541,77.615314885,88.913943176,3.894185791393061,-0.03567506395596171,1.174192740808035
