exercise_tertile,n,min_obesity,q1_obesity,median_obesity,mean_obesity,q3_obesity,max_obesity,sd_obesity,min_life_exp,q1_life_exp,median_life_exp,mean_life_exp,q3_life_exp,max_life_exp,sd_life_exp,cor_pearson,lm_slope,lm_intercept,lm_r_squared
Low,45,33.3,38.6,40.8,40.193333333333335,42.5,46.2,3.3374187085775793,69.36607957,73.077916773,74.942969201,74.90867623717777,76.463670565,79.69255427,2.4365465101513935,-0.6426623378341938,-0.4691879602733526,93.7669043204314,0.4130148804705109
Mid,44,31.7,36.025000000000006,38.1,37.956818181818186,40.125,44.5,3.028346523079514,65.781186288,73.6062837745,75.2554098765,75.26535497922727,77.59620957550001,81.45895265,3.0429669787992046,-0.7166102666761155,-0.7200699660838185,102.59691976005877,0.5135302743056137
High,44,25.9,34.775000000000006,37.8,37.58409090909091,40.824999999999996,47.1,5.222622667437028,64.32283957,72.77399008675,75.22032034,75.28141094272728,78.39151127125,88.913943176,5.579009450647723,-0.7889057689970468,-0.8427399452668001,106.95502565835697,0.6223723123568217
